"Data Source","World Development Indicators",

"Last Updated Date","2019-09-27",

"Country Name","Country Code","Indicator Name","Indicator Code","1960","1961","1962","1963","1964","1965","1966","1967","1968","1969","1970","1971","1972","1973","1974","1975","1976","1977","1978","1979","1980","1981","1982","1983","1984","1985","1986","1987","1988","1989","1990","1991","1992","1993","1994","1995","1996","1997","1998","1999","2000","2001","2002","2003","2004","2005","2006","2007","2008","2009","2010","2011","2012","2013","2014","2015","2016","2017","2018",
"Aruba","ABW","Women participating in the three decisions (own health care, major household purchases, and visiting family) (% of women age 15-49)","SG.DMK.ALLD.FN.ZS","","","","","","","","","","","","","","","","","","","","","","","","","","","","","","","","","","","","","","","","","","","","","","","","","","","","","","","","","","","",
"Afghanistan","AFG","Women participating in the three decisions (own health care, major household purchases, and visiting family) (% of women age 15-49)","SG.DMK.ALLD.FN.ZS","","","","","","","","","","","","","","","","","","","","","","","","","","","","","","","","","","","","","","","","","","","","","","","","","","","","","","","","32.6","","","",
"Angola","AGO","Women participating in the three decisions (own health care, major household purchases, and visiting family) (% of women age 15-49)","SG.DMK.ALLD.FN.ZS","","","","","","","","","","","","","","","","","","","","","","","","","","","","","","","","","","","","","","","","","","","","","","","","","","","","","","","","","65.4","","",
"Albania","ALB","Women participating in the three decisions (own health care, major household purchases, and visiting family) (% of women age 15-49)","SG.DMK.ALLD.FN.ZS","","","","","","","","","","","","","","","","","","","","","","","","","","","","","","","","","","","","","","","","","","","","","","","","","","58.8","","","","","","","","","",
"Andorra","AND","Women participating in the three decisions (own health care, major household purchases, and visiting family) (% of women age 15-49)","SG.DMK.ALLD.FN.ZS","","","","","","","","","","","","","","","","","","","","","","","","","","","","","","","","","","","","","","","","","","","","","","","","","","","","","","","","","","","",
"Arab World","ARB","Women participating in the three decisions (own health care, major household purchases, and visiting family) (% of women age 15-49)","SG.DMK.ALLD.FN.ZS","","","","","","","","","","","","","","","","","","","","","","","","","","","","","","","","","","","","","","","","","","","","","","","","","","","","","","","","","","","",
"United Arab Emirates","ARE","Women participating in the three decisions (own health care, major household purchases, and visiting family) (% of women age 15-49)","SG.DMK.ALLD.FN.ZS","","","","","","","","","","","","","","","","","","","","","","","","","","","","","","","","","","","","","","","","","","","","","","","","","","","","","","","","","","","",
"Argentina","ARG","Women participating in the three decisions (own health care, major household purchases, and visiting family) (% of women age 15-49)","SG.DMK.ALLD.FN.ZS","","","","","","","","","","","","","","","","","","","","","","","","","","","","","","","","","","","","","","","","","","","","","","","","","","","","","","","","","","","",
"Armenia","ARM","Women participating in the three decisions (own health care, major household purchases, and visiting family) (% of women age 15-49)","SG.DMK.ALLD.FN.ZS","","","","","","","","","","","","","","","","","","","","","","","","","","","","","","","","","","","","","","","","","50.1","","","","","71.6","","","","","81.7","","","","","","","","",
"American Samoa","ASM","Women participating in the three decisions (own health care, major household purchases, and visiting family) (% of women age 15-49)","SG.DMK.ALLD.FN.ZS","","","","","","","","","","","","","","","","","","","","","","","","","","","","","","","","","","","","","","","","","","","","","","","","","","","","","","","","","","","",
"Antigua and Barbuda","ATG","Women participating in the three decisions (own health care, major household purchases, and visiting family) (% of women age 15-49)","SG.DMK.ALLD.FN.ZS","","","","","","","","","","","","","","","","","","","","","","","","","","","","","","","","","","","","","","","","","","","","","","","","","","","","","","","","","","","",
"Australia","AUS","Women participating in the three decisions (own health care, major household purchases, and visiting family) (% of women age 15-49)","SG.DMK.ALLD.FN.ZS","","","","","","","","","","","","","","","","","","","","","","","","","","","","","","","","","","","","","","","","","","","","","","","","","","","","","","","","","","","",
"Austria","AUT","Women participating in the three decisions (own health care, major household purchases, and visiting family) (% of women age 15-49)","SG.DMK.ALLD.FN.ZS","","","","","","","","","","","","","","","","","","","","","","","","","","","","","","","","","","","","","","","","","","","","","","","","","","","","","","","","","","","",
"Azerbaijan","AZE","Women participating in the three decisions (own health care, major household purchases, and visiting family) (% of women age 15-49)","SG.DMK.ALLD.FN.ZS","","","","","","","","","","","","","","","","","","","","","","","","","","","","","","","","","","","","","","","","","","","","","","","45.1","","","","","","","","","","","","",
"Burundi","BDI","Women participating in the three decisions (own health care, major household purchases, and visiting family) (% of women age 15-49)","SG.DMK.ALLD.FN.ZS","","","","","","","","","","","","","","","","","","","","","","","","","","","","","","","","","","","","","","","","","","","","","","","","","","","49.6","","","","","","","","",
"Belgium","BEL","Women participating in the three decisions (own health care, major household purchases, and visiting family) (% of women age 15-49)","SG.DMK.ALLD.FN.ZS","","","","","","","","","","","","","","","","","","","","","","","","","","","","","","","","","","","","","","","","","","","","","","","","","","","","","","","","","","","",
"Benin","BEN","Women participating in the three decisions (own health care, major household purchases, and visiting family) (% of women age 15-49)","SG.DMK.ALLD.FN.ZS","","","","","","","","","","","","","","","","","","","","","","","","","","","","","","","","","","","","","","","","","","17.2","","","","","35.6","","","","","","48.3","","","","","","",
"Burkina Faso","BFA","Women participating in the three decisions (own health care, major household purchases, and visiting family) (% of women age 15-49)","SG.DMK.ALLD.FN.ZS","","","","","","","","","","","","","","","","","","","","","","","","","","","","","","","","","","","","","","","","","","","","10.2","","","","","","","12","","","","","","","","",
"Bangladesh","BGD","Women participating in the three decisions (own health care, major household purchases, and visiting family) (% of women age 15-49)","SG.DMK.ALLD.FN.ZS","","","","","","","","","","","","","","","","","","","","","","","","","","","","","","","","","","","","","","","","","","","","","27.6","","","38","","","","46","","","47.2","","","","",
"Bulgaria","BGR","Women participating in the three decisions (own health care, major household purchases, and visiting family) (% of women age 15-49)","SG.DMK.ALLD.FN.ZS","","","","","","","","","","","","","","","","","","","","","","","","","","","","","","","","","","","","","","","","","","","","","","","","","","","","","","","","","","","",
"Bahrain","BHR","Women participating in the three decisions (own health care, major household purchases, and visiting family) (% of women age 15-49)","SG.DMK.ALLD.FN.ZS","","","","","","","","","","","","","","","","","","","","","","","","","","","","","","","","","","","","","","","","","","","","","","","","","","","","","","","","","","","",
"Bahamas, The","BHS","Women participating in the three decisions (own health care, major household purchases, and visiting family) (% of women age 15-49)","SG.DMK.ALLD.FN.ZS","","","","","","","","","","","","","","","","","","","","","","","","","","","","","","","","","","","","","","","","","","","","","","","","","","","","","","","","","","","",
"Bosnia and Herzegovina","BIH","Women participating in the three decisions (own health care, major household purchases, and visiting family) (% of women age 15-49)","SG.DMK.ALLD.FN.ZS","","","","","","","","","","","","","","","","","","","","","","","","","","","","","","","","","","","","","","","","","","","","","","","","","","","","","","","","","","","",
"Belarus","BLR","Women participating in the three decisions (own health care, major household purchases, and visiting family) (% of women age 15-49)","SG.DMK.ALLD.FN.ZS","","","","","","","","","","","","","","","","","","","","","","","","","","","","","","","","","","","","","","","","","","","","","","","","","","","","","","","","","","","",
"Belize","BLZ","Women participating in the three decisions (own health care, major household purchases, and visiting family) (% of women age 15-49)","SG.DMK.ALLD.FN.ZS","","","","","","","","","","","","","","","","","","","","","","","","","","","","","","","","","","","","","","","","","","","","","","","","","","","","","","","","","","","",
"Bermuda","BMU","Women participating in the three decisions (own health care, major household purchases, and visiting family) (% of women age 15-49)","SG.DMK.ALLD.FN.ZS","","","","","","","","","","","","","","","","","","","","","","","","","","","","","","","","","","","","","","","","","","","","","","","","","","","","","","","","","","","",
"Bolivia","BOL","Women participating in the three decisions (own health care, major household purchases, and visiting family) (% of women age 15-49)","SG.DMK.ALLD.FN.ZS","","","","","","","","","","","","","","","","","","","","","","","","","","","","","","","","","","","","","","","","","","","","67","","","","","74.1","","","","","","","","","","",
"Brazil","BRA","Women participating in the three decisions (own health care, major household purchases, and visiting family) (% of women age 15-49)","SG.DMK.ALLD.FN.ZS","","","","","","","","","","","","","","","","","","","","","","","","","","","","","","","","","","","","","","","","","","","","","","","","","","","","","","","","","","","",
"Barbados","BRB","Women participating in the three decisions (own health care, major household purchases, and visiting family) (% of women age 15-49)","SG.DMK.ALLD.FN.ZS","","","","","","","","","","","","","","","","","","","","","","","","","","","","","","","","","","","","","","","","","","","","","","","","","","","","","","","","","","","",
"Brunei Darussalam","BRN","Women participating in the three decisions (own health care, major household purchases, and visiting family) (% of women age 15-49)","SG.DMK.ALLD.FN.ZS","","","","","","","","","","","","","","","","","","","","","","","","","","","","","","","","","","","","","","","","","","","","","","","","","","","","","","","","","","","",
"Bhutan","BTN","Women participating in the three decisions (own health care, major household purchases, and visiting family) (% of women age 15-49)","SG.DMK.ALLD.FN.ZS","","","","","","","","","","","","","","","","","","","","","","","","","","","","","","","","","","","","","","","","","","","","","","","","","","","","","","","","","","","",
"Botswana","BWA","Women participating in the three decisions (own health care, major household purchases, and visiting family) (% of women age 15-49)","SG.DMK.ALLD.FN.ZS","","","","","","","","","","","","","","","","","","","","","","","","","","","","","","","","","","","","","","","","","","","","","","","","","","","","","","","","","","","",
"Central African Republic","CAF","Women participating in the three decisions (own health care, major household purchases, and visiting family) (% of women age 15-49)","SG.DMK.ALLD.FN.ZS","","","","","","","","","","","","","","","","","","","","","","","","","","","","","","","","","","","","","","","","","","","","","","","","","","","","","","","","","","","",
"Canada","CAN","Women participating in the three decisions (own health care, major household purchases, and visiting family) (% of women age 15-49)","SG.DMK.ALLD.FN.ZS","","","","","","","","","","","","","","","","","","","","","","","","","","","","","","","","","","","","","","","","","","","","","","","","","","","","","","","","","","","",
"Central Europe and the Baltics","CEB","Women participating in the three decisions (own health care, major household purchases, and visiting family) (% of women age 15-49)","SG.DMK.ALLD.FN.ZS","","","","","","","","","","","","","","","","","","","","","","","","","","","","","","","","","","","","","","","","","","","","","","","","","","","","","","","","","","","",
"Switzerland","CHE","Women participating in the three decisions (own health care, major household purchases, and visiting family) (% of women age 15-49)","SG.DMK.ALLD.FN.ZS","","","","","","","","","","","","","","","","","","","","","","","","","","","","","","","","","","","","","","","","","","","","","","","","","","","","","","","","","","","",
"Channel Islands","CHI","Women participating in the three decisions (own health care, major household purchases, and visiting family) (% of women age 15-49)","SG.DMK.ALLD.FN.ZS","","","","","","","","","","","","","","","","","","","","","","","","","","","","","","","","","","","","","","","","","","","","","","","","","","","","","","","","","","","",
"Chile","CHL","Women participating in the three decisions (own health care, major household purchases, and visiting family) (% of women age 15-49)","SG.DMK.ALLD.FN.ZS","","","","","","","","","","","","","","","","","","","","","","","","","","","","","","","","","","","","","","","","","","","","","","","","","","","","","","","","","","","",
"China","CHN","Women participating in the three decisions (own health care, major household purchases, and visiting family) (% of women age 15-49)","SG.DMK.ALLD.FN.ZS","","","","","","","","","","","","","","","","","","","","","","","","","","","","","","","","","","","","","","","","","","","","","","","","","","","","","","","","","","","",
"Cote d'Ivoire","CIV","Women participating in the three decisions (own health care, major household purchases, and visiting family) (% of women age 15-49)","SG.DMK.ALLD.FN.ZS","","","","","","","","","","","","","","","","","","","","","","","","","","","","","","","","","","","","","","","","","","","","","","","","","","","","","23.6","","","","","","",
"Cameroon","CMR","Women participating in the three decisions (own health care, major household purchases, and visiting family) (% of women age 15-49)","SG.DMK.ALLD.FN.ZS","","","","","","","","","","","","","","","","","","","","","","","","","","","","","","","","","","","","","","","","","","","","","23.1","","","","","","","23.7","","","","","","","",
"Congo, Dem. Rep.","COD","Women participating in the three decisions (own health care, major household purchases, and visiting family) (% of women age 15-49)","SG.DMK.ALLD.FN.ZS","","","","","","","","","","","","","","","","","","","","","","","","","","","","","","","","","","","","","","","","","","","","","","","","24.4","","","","","","","33.5","","","","",
"Congo, Rep.","COG","Women participating in the three decisions (own health care, major household purchases, and visiting family) (% of women age 15-49)","SG.DMK.ALLD.FN.ZS","","","","","","","","","","","","","","","","","","","","","","","","","","","","","","","","","","","","","","","","","","","","","","","","","","","","","28.4","","","","","","",
"Colombia","COL","Women participating in the three decisions (own health care, major household purchases, and visiting family) (% of women age 15-49)","SG.DMK.ALLD.FN.ZS","","","","","","","","","","","","","","","","","","","","","","","","","","","","","","","","","","","","","","","","","60.3","","","","","62.6","","","","","63","","","","","72.1","","","",
"Comoros","COM","Women participating in the three decisions (own health care, major household purchases, and visiting family) (% of women age 15-49)","SG.DMK.ALLD.FN.ZS","","","","","","","","","","","","","","","","","","","","","","","","","","","","","","","","","","","","","","","","","","","","","","","","","","","","","34.6","","","","","","",
"Cabo Verde","CPV","Women participating in the three decisions (own health care, major household purchases, and visiting family) (% of women age 15-49)","SG.DMK.ALLD.FN.ZS","","","","","","","","","","","","","","","","","","","","","","","","","","","","","","","","","","","","","","","","","","","","","","","","","","","","","","","","","","","",
"Costa Rica","CRI","Women participating in the three decisions (own health care, major household purchases, and visiting family) (% of women age 15-49)","SG.DMK.ALLD.FN.ZS","","","","","","","","","","","","","","","","","","","","","","","","","","","","","","","","","","","","","","","","","","","","","","","","","","","","","","","","","","","",
"Caribbean small states","CSS","Women participating in the three decisions (own health care, major household purchases, and visiting family) (% of women age 15-49)","SG.DMK.ALLD.FN.ZS","","","","","","","","","","","","","","","","","","","","","","","","","","","","","","","","","","","","","","","","","","","","","","","","","","","","","","","","","","","",
"Cuba","CUB","Women participating in the three decisions (own health care, major household purchases, and visiting family) (% of women age 15-49)","SG.DMK.ALLD.FN.ZS","","","","","","","","","","","","","","","","","","","","","","","","","","","","","","","","","","","","","","","","","","","","","","","","","","","","","","","","","","","",
"Curacao","CUW","Women participating in the three decisions (own health care, major household purchases, and visiting family) (% of women age 15-49)","SG.DMK.ALLD.FN.ZS","","","","","","","","","","","","","","","","","","","","","","","","","","","","","","","","","","","","","","","","","","","","","","","","","","","","","","","","","","","",
"Cayman Islands","CYM","Women participating in the three decisions (own health care, major household purchases, and visiting family) (% of women age 15-49)","SG.DMK.ALLD.FN.ZS","","","","","","","","","","","","","","","","","","","","","","","","","","","","","","","","","","","","","","","","","","","","","","","","","","","","","","","","","","","",
"Cyprus","CYP","Women participating in the three decisions (own health care, major household purchases, and visiting family) (% of women age 15-49)","SG.DMK.ALLD.FN.ZS","","","","","","","","","","","","","","","","","","","","","","","","","","","","","","","","","","","","","","","","","","","","","","","","","","","","","","","","","","","",
"Czech Republic","CZE","Women participating in the three decisions (own health care, major household purchases, and visiting family) (% of women age 15-49)","SG.DMK.ALLD.FN.ZS","","","","","","","","","","","","","","","","","","","","","","","","","","","","","","","","","","","","","","","","","","","","","","","","","","","","","","","","","","","",
"Germany","DEU","Women participating in the three decisions (own health care, major household purchases, and visiting family) (% of women age 15-49)","SG.DMK.ALLD.FN.ZS","","","","","","","","","","","","","","","","","","","","","","","","","","","","","","","","","","","","","","","","","","","","","","","","","","","","","","","","","","","",
"Djibouti","DJI","Women participating in the three decisions (own health care, major household purchases, and visiting family) (% of women age 15-49)","SG.DMK.ALLD.FN.ZS","","","","","","","","","","","","","","","","","","","","","","","","","","","","","","","","","","","","","","","","","","","","","","","","","","","","","","","","","","","",
"Dominica","DMA","Women participating in the three decisions (own health care, major household purchases, and visiting family) (% of women age 15-49)","SG.DMK.ALLD.FN.ZS","","","","","","","","","","","","","","","","","","","","","","","","","","","","","","","","","","","","","","","","","","","","","","","","","","","","","","","","","","","",
"Denmark","DNK","Women participating in the three decisions (own health care, major household purchases, and visiting family) (% of women age 15-49)","SG.DMK.ALLD.FN.ZS","","","","","","","","","","","","","","","","","","","","","","","","","","","","","","","","","","","","","","","","","","","","","","","","","","","","","","","","","","","",
"Dominican Republic","DOM","Women participating in the three decisions (own health care, major household purchases, and visiting family) (% of women age 15-49)","SG.DMK.ALLD.FN.ZS","","","","","","","","","","","","","","","","","","","","","","","","","","","","","","","","","","","","","","","","","","","","","","","","70","","","","","","78.8","","","","","",
"Algeria","DZA","Women participating in the three decisions (own health care, major household purchases, and visiting family) (% of women age 15-49)","SG.DMK.ALLD.FN.ZS","","","","","","","","","","","","","","","","","","","","","","","","","","","","","","","","","","","","","","","","","","","","","","","","","","","","","","","","","","","",
"East Asia & Pacific (excluding high income)","EAP","Women participating in the three decisions (own health care, major household purchases, and visiting family) (% of women age 15-49)","SG.DMK.ALLD.FN.ZS","","","","","","","","","","","","","","","","","","","","","","","","","","","","","","","","","","","","","","","","","","","","","","","","","","","","","","","","","","","",
"Early-demographic dividend","EAR","Women participating in the three decisions (own health care, major household purchases, and visiting family) (% of women age 15-49)","SG.DMK.ALLD.FN.ZS","","","","","","","","","","","","","","","","","","","","","","","","","","","","","","","","","","","","","","","","","","","","","","","","","","","","","","","","","","","",
"East Asia & Pacific","EAS","Women participating in the three decisions (own health care, major household purchases, and visiting family) (% of women age 15-49)","SG.DMK.ALLD.FN.ZS","","","","","","","","","","","","","","","","","","","","","","","","","","","","","","","","","","","","","","","","","","","","","","","","","","","","","","","","","","","",
"Europe & Central Asia (excluding high income)","ECA","Women participating in the three decisions (own health care, major household purchases, and visiting family) (% of women age 15-49)","SG.DMK.ALLD.FN.ZS","","","","","","","","","","","","","","","","","","","","","","","","","","","","","","","","","","","","","","","","","","","","","","","","","","","","","","","","","","","",
"Europe & Central Asia","ECS","Women participating in the three decisions (own health care, major household purchases, and visiting family) (% of women age 15-49)","SG.DMK.ALLD.FN.ZS","","","","","","","","","","","","","","","","","","","","","","","","","","","","","","","","","","","","","","","","","","","","","","","","","","","","","","","","","","","",
"Ecuador","ECU","Women participating in the three decisions (own health care, major household purchases, and visiting family) (% of women age 15-49)","SG.DMK.ALLD.FN.ZS","","","","","","","","","","","","","","","","","","","","","","","","","","","","","","","","","","","","","","","","","","","","","","","","","","","","","","","","","","","",
"Egypt, Arab Rep.","EGY","Women participating in the three decisions (own health care, major household purchases, and visiting family) (% of women age 15-49)","SG.DMK.ALLD.FN.ZS","","","","","","","","","","","","","","","","","","","","","","","","","","","","","","","","","","","","","","","","","29.7","","","","","45.2","","","52.2","","","","","","58.8","","","","",
"Euro area","EMU","Women participating in the three decisions (own health care, major household purchases, and visiting family) (% of women age 15-49)","SG.DMK.ALLD.FN.ZS","","","","","","","","","","","","","","","","","","","","","","","","","","","","","","","","","","","","","","","","","","","","","","","","","","","","","","","","","","","",
"Eritrea","ERI","Women participating in the three decisions (own health care, major household purchases, and visiting family) (% of women age 15-49)","SG.DMK.ALLD.FN.ZS","","","","","","","","","","","","","","","","","","","","","","","","","","","","","","","","","","","","","","","","","","","50.1","","","","","","","","","","","","","","","","",
"Spain","ESP","Women participating in the three decisions (own health care, major household purchases, and visiting family) (% of women age 15-49)","SG.DMK.ALLD.FN.ZS","","","","","","","","","","","","","","","","","","","","","","","","","","","","","","","","","","","","","","","","","","","","","","","","","","","","","","","","","","","",
"Estonia","EST","Women participating in the three decisions (own health care, major household purchases, and visiting family) (% of women age 15-49)","SG.DMK.ALLD.FN.ZS","","","","","","","","","","","","","","","","","","","","","","","","","","","","","","","","","","","","","","","","","","","","","","","","","","","","","","","","","","","",
"Ethiopia","ETH","Women participating in the three decisions (own health care, major household purchases, and visiting family) (% of women age 15-49)","SG.DMK.ALLD.FN.ZS","","","","","","","","","","","","","","","","","","","","","","","","","","","","","","","","","","","","","","","","","","","","","","45.4","","","","","","54.4","","","","","70.6","","",
"European Union","EUU","Women participating in the three decisions (own health care, major household purchases, and visiting family) (% of women age 15-49)","SG.DMK.ALLD.FN.ZS","","","","","","","","","","","","","","","","","","","","","","","","","","","","","","","","","","","","","","","","","","","","","","","","","","","","","","","","","","","",
"Fragile and conflict affected situations","FCS","Women participating in the three decisions (own health care, major household purchases, and visiting family) (% of women age 15-49)","SG.DMK.ALLD.FN.ZS","","","","","","","","","","","","","","","","","","","","","","","","","","","","","","","","","","","","","","","","","","","","","","","","","","","","","","","","","","","",
"Finland","FIN","Women participating in the three decisions (own health care, major household purchases, and visiting family) (% of women age 15-49)","SG.DMK.ALLD.FN.ZS","","","","","","","","","","","","","","","","","","","","","","","","","","","","","","","","","","","","","","","","","","","","","","","","","","","","","","","","","","","",
"Fiji","FJI","Women participating in the three decisions (own health care, major household purchases, and visiting family) (% of women age 15-49)","SG.DMK.ALLD.FN.ZS","","","","","","","","","","","","","","","","","","","","","","","","","","","","","","","","","","","","","","","","","","","","","","","","","","","","","","","","","","","",
"France","FRA","Women participating in the three decisions (own health care, major household purchases, and visiting family) (% of women age 15-49)","SG.DMK.ALLD.FN.ZS","","","","","","","","","","","","","","","","","","","","","","","","","","","","","","","","","","","","","","","","","","","","","","","","","","","","","","","","","","","",
"Faroe Islands","FRO","Women participating in the three decisions (own health care, major household purchases, and visiting family) (% of women age 15-49)","SG.DMK.ALLD.FN.ZS","","","","","","","","","","","","","","","","","","","","","","","","","","","","","","","","","","","","","","","","","","","","","","","","","","","","","","","","","","","",
"Micronesia, Fed. Sts.","FSM","Women participating in the three decisions (own health care, major household purchases, and visiting family) (% of women age 15-49)","SG.DMK.ALLD.FN.ZS","","","","","","","","","","","","","","","","","","","","","","","","","","","","","","","","","","","","","","","","","","","","","","","","","","","","","","","","","","","",
"Gabon","GAB","Women participating in the three decisions (own health care, major household purchases, and visiting family) (% of women age 15-49)","SG.DMK.ALLD.FN.ZS","","","","","","","","","","","","","","","","","","","","","","","","","","","","","","","","","","","","","","","","","","","","","","","","","","","","","43.7","","","","","","",
"United Kingdom","GBR","Women participating in the three decisions (own health care, major household purchases, and visiting family) (% of women age 15-49)","SG.DMK.ALLD.FN.ZS","","","","","","","","","","","","","","","","","","","","","","","","","","","","","","","","","","","","","","","","","","","","","","","","","","","","","","","","","","","",
"Georgia","GEO","Women participating in the three decisions (own health care, major household purchases, and visiting family) (% of women age 15-49)","SG.DMK.ALLD.FN.ZS","","","","","","","","","","","","","","","","","","","","","","","","","","","","","","","","","","","","","","","","","","","","","","","","","","","","","","","","","","","",
"Ghana","GHA","Women participating in the three decisions (own health care, major household purchases, and visiting family) (% of women age 15-49)","SG.DMK.ALLD.FN.ZS","","","","","","","","","","","","","","","","","","","","","","","","","","","","","","","","","","","","","","","","","","","","39.7","","","","","49.2","","","","","","61.6","","","","",
"Gibraltar","GIB","Women participating in the three decisions (own health care, major household purchases, and visiting family) (% of women age 15-49)","SG.DMK.ALLD.FN.ZS","","","","","","","","","","","","","","","","","","","","","","","","","","","","","","","","","","","","","","","","","","","","","","","","","","","","","","","","","","","",
"Guinea","GIN","Women participating in the three decisions (own health care, major household purchases, and visiting family) (% of women age 15-49)","SG.DMK.ALLD.FN.ZS","","","","","","","","","","","","","","","","","","","","","","","","","","","","","","","","","","","","","","","","","","","","","","34.9","","","","","","","23.2","","","","","","",
"Gambia, The","GMB","Women participating in the three decisions (own health care, major household purchases, and visiting family) (% of women age 15-49)","SG.DMK.ALLD.FN.ZS","","","","","","","","","","","","","","","","","","","","","","","","","","","","","","","","","","","","","","","","","","","","","","","","","","","","","","39.2","","","","","",
"Guinea-Bissau","GNB","Women participating in the three decisions (own health care, major household purchases, and visiting family) (% of women age 15-49)","SG.DMK.ALLD.FN.ZS","","","","","","","","","","","","","","","","","","","","","","","","","","","","","","","","","","","","","","","","","","","","","","","","","","","","","","","","","","","",
"Equatorial Guinea","GNQ","Women participating in the three decisions (own health care, major household purchases, and visiting family) (% of women age 15-49)","SG.DMK.ALLD.FN.ZS","","","","","","","","","","","","","","","","","","","","","","","","","","","","","","","","","","","","","","","","","","","","","","","","","","","","","","","","","","","",
"Greece","GRC","Women participating in the three decisions (own health care, major household purchases, and visiting family) (% of women age 15-49)","SG.DMK.ALLD.FN.ZS","","","","","","","","","","","","","","","","","","","","","","","","","","","","","","","","","","","","","","","","","","","","","","","","","","","","","","","","","","","",
"Grenada","GRD","Women participating in the three decisions (own health care, major household purchases, and visiting family) (% of women age 15-49)","SG.DMK.ALLD.FN.ZS","","","","","","","","","","","","","","","","","","","","","","","","","","","","","","","","","","","","","","","","","","","","","","","","","","","","","","","","","","","",
"Greenland","GRL","Women participating in the three decisions (own health care, major household purchases, and visiting family) (% of women age 15-49)","SG.DMK.ALLD.FN.ZS","","","","","","","","","","","","","","","","","","","","","","","","","","","","","","","","","","","","","","","","","","","","","","","","","","","","","","","","","","","",
"Guatemala","GTM","Women participating in the three decisions (own health care, major household purchases, and visiting family) (% of women age 15-49)","SG.DMK.ALLD.FN.ZS","","","","","","","","","","","","","","","","","","","","","","","","","","","","","","","","","","","","","","","","","","","","","","","","","","","","","","","","63.1","","","",
"Guam","GUM","Women participating in the three decisions (own health care, major household purchases, and visiting family) (% of women age 15-49)","SG.DMK.ALLD.FN.ZS","","","","","","","","","","","","","","","","","","","","","","","","","","","","","","","","","","","","","","","","","","","","","","","","","","","","","","","","","","","",
"Guyana","GUY","Women participating in the three decisions (own health care, major household purchases, and visiting family) (% of women age 15-49)","SG.DMK.ALLD.FN.ZS","","","","","","","","","","","","","","","","","","","","","","","","","","","","","","","","","","","","","","","","","","","","","","","","","","81.4","","","","","","","","","",
"High income","HIC","Women participating in the three decisions (own health care, major household purchases, and visiting family) (% of women age 15-49)","SG.DMK.ALLD.FN.ZS","","","","","","","","","","","","","","","","","","","","","","","","","","","","","","","","","","","","","","","","","","","","","","","","","","","","","","","","","","","",
"Hong Kong SAR, China","HKG","Women participating in the three decisions (own health care, major household purchases, and visiting family) (% of women age 15-49)","SG.DMK.ALLD.FN.ZS","","","","","","","","","","","","","","","","","","","","","","","","","","","","","","","","","","","","","","","","","","","","","","","","","","","","","","","","","","","",
"Honduras","HND","Women participating in the three decisions (own health care, major household purchases, and visiting family) (% of women age 15-49)","SG.DMK.ALLD.FN.ZS","","","","","","","","","","","","","","","","","","","","","","","","","","","","","","","","","","","","","","","","","","","","","","","57.8","","","","","","63.2","","","","","","",
"Heavily indebted poor countries (HIPC)","HPC","Women participating in the three decisions (own health care, major household purchases, and visiting family) (% of women age 15-49)","SG.DMK.ALLD.FN.ZS","","","","","","","","","","","","","","","","","","","","","","","","","","","","","","","","","","","","","","","","","","","","","","","","","","","","","","","","","","","",
"Croatia","HRV","Women participating in the three decisions (own health care, major household purchases, and visiting family) (% of women age 15-49)","SG.DMK.ALLD.FN.ZS","","","","","","","","","","","","","","","","","","","","","","","","","","","","","","","","","","","","","","","","","","","","","","","","","","","","","","","","","","","",
"Haiti","HTI","Women participating in the three decisions (own health care, major household purchases, and visiting family) (% of women age 15-49)","SG.DMK.ALLD.FN.ZS","","","","","","","","","","","","","","","","","","","","","","","","","","","","","","","","","","","","","","","","","27.8","","","","","","52.6","","","","","","60.8","","","","","","",
"Hungary","HUN","Women participating in the three decisions (own health care, major household purchases, and visiting family) (% of women age 15-49)","SG.DMK.ALLD.FN.ZS","","","","","","","","","","","","","","","","","","","","","","","","","","","","","","","","","","","","","","","","","","","","","","","","","","","","","","","","","","","",
"IBRD only","IBD","Women participating in the three decisions (own health care, major household purchases, and visiting family) (% of women age 15-49)","SG.DMK.ALLD.FN.ZS","","","","","","","","","","","","","","","","","","","","","","","","","","","","","","","","","","","","","","","","","","","","","","","","","","","","","","","","","","","",
"IDA & IBRD total","IBT","Women participating in the three decisions (own health care, major household purchases, and visiting family) (% of women age 15-49)","SG.DMK.ALLD.FN.ZS","","","","","","","","","","","","","","","","","","","","","","","","","","","","","","","","","","","","","","","","","","","","","","","","","","","","","","","","","","","",
"IDA total","IDA","Women participating in the three decisions (own health care, major household purchases, and visiting family) (% of women age 15-49)","SG.DMK.ALLD.FN.ZS","","","","","","","","","","","","","","","","","","","","","","","","","","","","","","","","","","","","","","","","","","","","","","","","","","","","","","","","","","","",
"IDA blend","IDB","Women participating in the three decisions (own health care, major household purchases, and visiting family) (% of women age 15-49)","SG.DMK.ALLD.FN.ZS","","","","","","","","","","","","","","","","","","","","","","","","","","","","","","","","","","","","","","","","","","","","","","","","","","","","","","","","","","","",
"Indonesia","IDN","Women participating in the three decisions (own health care, major household purchases, and visiting family) (% of women age 15-49)","SG.DMK.ALLD.FN.ZS","","","","","","","","","","","","","","","","","","","","","","","","","","","","","","","","","","","","","","","","","","","","68.7","","","","68.4","","","","","70.3","","","","","","",
"IDA only","IDX","Women participating in the three decisions (own health care, major household purchases, and visiting family) (% of women age 15-49)","SG.DMK.ALLD.FN.ZS","","","","","","","","","","","","","","","","","","","","","","","","","","","","","","","","","","","","","","","","","","","","","","","","","","","","","","","","","","","",
"Isle of Man","IMN","Women participating in the three decisions (own health care, major household purchases, and visiting family) (% of women age 15-49)","SG.DMK.ALLD.FN.ZS","","","","","","","","","","","","","","","","","","","","","","","","","","","","","","","","","","","","","","","","","","","","","","","","","","","","","","","","","","","",
"India","IND","Women participating in the three decisions (own health care, major household purchases, and visiting family) (% of women age 15-49)","SG.DMK.ALLD.FN.ZS","","","","","","","","","","","","","","","","","","","","","","","","","","","","","","","","","","","","","","","","","","","","","","","39.3","","","","","","","","","","","","",
"Not classified","INX","Women participating in the three decisions (own health care, major household purchases, and visiting family) (% of women age 15-49)","SG.DMK.ALLD.FN.ZS","","","","","","","","","","","","","","","","","","","","","","","","","","","","","","","","","","","","","","","","","","","","","","","","","","","","","","","","","","","",
"Ireland","IRL","Women participating in the three decisions (own health care, major household purchases, and visiting family) (% of women age 15-49)","SG.DMK.ALLD.FN.ZS","","","","","","","","","","","","","","","","","","","","","","","","","","","","","","","","","","","","","","","","","","","","","","","","","","","","","","","","","","","",
"Iran, Islamic Rep.","IRN","Women participating in the three decisions (own health care, major household purchases, and visiting family) (% of women age 15-49)","SG.DMK.ALLD.FN.ZS","","","","","","","","","","","","","","","","","","","","","","","","","","","","","","","","","","","","","","","","","","","","","","","","","","","","","","","","","","","",
"Iraq","IRQ","Women participating in the three decisions (own health care, major household purchases, and visiting family) (% of women age 15-49)","SG.DMK.ALLD.FN.ZS","","","","","","","","","","","","","","","","","","","","","","","","","","","","","","","","","","","","","","","","","","","","","","","","","","","","","","","","","","","",
"Iceland","ISL","Women participating in the three decisions (own health care, major household purchases, and visiting family) (% of women age 15-49)","SG.DMK.ALLD.FN.ZS","","","","","","","","","","","","","","","","","","","","","","","","","","","","","","","","","","","","","","","","","","","","","","","","","","","","","","","","","","","",
"Israel","ISR","Women participating in the three decisions (own health care, major household purchases, and visiting family) (% of women age 15-49)","SG.DMK.ALLD.FN.ZS","","","","","","","","","","","","","","","","","","","","","","","","","","","","","","","","","","","","","","","","","","","","","","","","","","","","","","","","","","","",
"Italy","ITA","Women participating in the three decisions (own health care, major household purchases, and visiting family) (% of women age 15-49)","SG.DMK.ALLD.FN.ZS","","","","","","","","","","","","","","","","","","","","","","","","","","","","","","","","","","","","","","","","","","","","","","","","","","","","","","","","","","","",
"Jamaica","JAM","Women participating in the three decisions (own health care, major household purchases, and visiting family) (% of women age 15-49)","SG.DMK.ALLD.FN.ZS","","","","","","","","","","","","","","","","","","","","","","","","","","","","","","","","","","","","","","","","","","","","","","","","","","","","","","","","","","","",
"Jordan","JOR","Women participating in the three decisions (own health care, major household purchases, and visiting family) (% of women age 15-49)","SG.DMK.ALLD.FN.ZS","","","","","","","","","","","","","","","","","","","","","","","","","","","","","","","","","","","","","","","","","","","53.1","","","","","62.4","","","","","65.1","","","","","","",
"Japan","JPN","Women participating in the three decisions (own health care, major household purchases, and visiting family) (% of women age 15-49)","SG.DMK.ALLD.FN.ZS","","","","","","","","","","","","","","","","","","","","","","","","","","","","","","","","","","","","","","","","","","","","","","","","","","","","","","","","","","","",
"Kazakhstan","KAZ","Women participating in the three decisions (own health care, major household purchases, and visiting family) (% of women age 15-49)","SG.DMK.ALLD.FN.ZS","","","","","","","","","","","","","","","","","","","","","","","","","","","","","","","","","","","","","","","","","","","","","","","","","","","","","","","","","","","",
"Kenya","KEN","Women participating in the three decisions (own health care, major household purchases, and visiting family) (% of women age 15-49)","SG.DMK.ALLD.FN.ZS","","","","","","","","","","","","","","","","","","","","","","","","","","","","","","","","","","","","","","","","","","","","25.7","","","","","","52.3","","","","","55.8","","","","",
"Kyrgyz Republic","KGZ","Women participating in the three decisions (own health care, major household purchases, and visiting family) (% of women age 15-49)","SG.DMK.ALLD.FN.ZS","","","","","","","","","","","","","","","","","","","","","","","","","","","","","","","","","","","","","","","","","","","","","","","","","","","","","79.3","","","","","","",
"Cambodia","KHM","Women participating in the three decisions (own health care, major household purchases, and visiting family) (% of women age 15-49)","SG.DMK.ALLD.FN.ZS","","","","","","","","","","","","","","","","","","","","","","","","","","","","","","","","","","","","","","","","","","","","","","18.5","","","","","85.6","","","","86.3","","","","",
"Kiribati","KIR","Women participating in the three decisions (own health care, major household purchases, and visiting family) (% of women age 15-49)","SG.DMK.ALLD.FN.ZS","","","","","","","","","","","","","","","","","","","","","","","","","","","","","","","","","","","","","","","","","","","","","","","","","","","","","","","","","","","",
"St. Kitts and Nevis","KNA","Women participating in the three decisions (own health care, major household purchases, and visiting family) (% of women age 15-49)","SG.DMK.ALLD.FN.ZS","","","","","","","","","","","","","","","","","","","","","","","","","","","","","","","","","","","","","","","","","","","","","","","","","","","","","","","","","","","",
"Korea, Rep.","KOR","Women participating in the three decisions (own health care, major household purchases, and visiting family) (% of women age 15-49)","SG.DMK.ALLD.FN.ZS","","","","","","","","","","","","","","","","","","","","","","","","","","","","","","","","","","","","","","","","","","","","","","","","","","","","","","","","","","","",
"Kuwait","KWT","Women participating in the three decisions (own health care, major household purchases, and visiting family) (% of women age 15-49)","SG.DMK.ALLD.FN.ZS","","","","","","","","","","","","","","","","","","","","","","","","","","","","","","","","","","","","","","","","","","","","","","","","","","","","","","","","","","","",
"Latin America & Caribbean (excluding high income)","LAC","Women participating in the three decisions (own health care, major household purchases, and visiting family) (% of women age 15-49)","SG.DMK.ALLD.FN.ZS","","","","","","","","","","","","","","","","","","","","","","","","","","","","","","","","","","","","","","","","","","","","","","","","","","","","","","","","","","","",
"Lao PDR","LAO","Women participating in the three decisions (own health care, major household purchases, and visiting family) (% of women age 15-49)","SG.DMK.ALLD.FN.ZS","","","","","","","","","","","","","","","","","","","","","","","","","","","","","","","","","","","","","","","","","","","","","","","","","","","","","","","","","","","",
"Lebanon","LBN","Women participating in the three decisions (own health care, major household purchases, and visiting family) (% of women age 15-49)","SG.DMK.ALLD.FN.ZS","","","","","","","","","","","","","","","","","","","","","","","","","","","","","","","","","","","","","","","","","","","","","","","","","","","","","","","","","","","",
"Liberia","LBR","Women participating in the three decisions (own health care, major household purchases, and visiting family) (% of women age 15-49)","SG.DMK.ALLD.FN.ZS","","","","","","","","","","","","","","","","","","","","","","","","","","","","","","","","","","","","","","","","","","","","","","","","","","","","","","65.9","","","","","",
"Libya","LBY","Women participating in the three decisions (own health care, major household purchases, and visiting family) (% of women age 15-49)","SG.DMK.ALLD.FN.ZS","","","","","","","","","","","","","","","","","","","","","","","","","","","","","","","","","","","","","","","","","","","","","","","","","","","","","","","","","","","",
"St. Lucia","LCA","Women participating in the three decisions (own health care, major household purchases, and visiting family) (% of women age 15-49)","SG.DMK.ALLD.FN.ZS","","","","","","","","","","","","","","","","","","","","","","","","","","","","","","","","","","","","","","","","","","","","","","","","","","","","","","","","","","","",
"Latin America & Caribbean","LCN","Women participating in the three decisions (own health care, major household purchases, and visiting family) (% of women age 15-49)","SG.DMK.ALLD.FN.ZS","","","","","","","","","","","","","","","","","","","","","","","","","","","","","","","","","","","","","","","","","","","","","","","","","","","","","","","","","","","",
"Least developed countries: UN classification","LDC","Women participating in the three decisions (own health care, major household purchases, and visiting family) (% of women age 15-49)","SG.DMK.ALLD.FN.ZS","","","","","","","","","","","","","","","","","","","","","","","","","","","","","","","","","","","","","","","","","","","","","","","","","","","","","","","","","","","",
"Low income","LIC","Women participating in the three decisions (own health care, major household purchases, and visiting family) (% of women age 15-49)","SG.DMK.ALLD.FN.ZS","","","","","","","","","","","","","","","","","","","","","","","","","","","","","","","","","","","","","","","","","","","","","","","","","","","","","","","","","","","",
"Liechtenstein","LIE","Women participating in the three decisions (own health care, major household purchases, and visiting family) (% of women age 15-49)","SG.DMK.ALLD.FN.ZS","","","","","","","","","","","","","","","","","","","","","","","","","","","","","","","","","","","","","","","","","","","","","","","","","","","","","","","","","","","",
"Sri Lanka","LKA","Women participating in the three decisions (own health care, major household purchases, and visiting family) (% of women age 15-49)","SG.DMK.ALLD.FN.ZS","","","","","","","","","","","","","","","","","","","","","","","","","","","","","","","","","","","","","","","","","","","","","","","","","","","","","","","","","","","",
"Lower middle income","LMC","Women participating in the three decisions (own health care, major household purchases, and visiting family) (% of women age 15-49)","SG.DMK.ALLD.FN.ZS","","","","","","","","","","","","","","","","","","","","","","","","","","","","","","","","","","","","","","","","","","","","","","","","","","","","","","","","","","","",
"Low & middle income","LMY","Women participating in the three decisions (own health care, major household purchases, and visiting family) (% of women age 15-49)","SG.DMK.ALLD.FN.ZS","","","","","","","","","","","","","","","","","","","","","","","","","","","","","","","","","","","","","","","","","","","","","","","","","","","","","","","","","","","",
"Lesotho","LSO","Women participating in the three decisions (own health care, major household purchases, and visiting family) (% of women age 15-49)","SG.DMK.ALLD.FN.ZS","","","","","","","","","","","","","","","","","","","","","","","","","","","","","","","","","","","","","","","","","","","","","27.6","","","","","53.5","","","","","65.4","","","","",
"Late-demographic dividend","LTE","Women participating in the three decisions (own health care, major household purchases, and visiting family) (% of women age 15-49)","SG.DMK.ALLD.FN.ZS","","","","","","","","","","","","","","","","","","","","","","","","","","","","","","","","","","","","","","","","","","","","","","","","","","","","","","","","","","","",
"Lithuania","LTU","Women participating in the three decisions (own health care, major household purchases, and visiting family) (% of women age 15-49)","SG.DMK.ALLD.FN.ZS","","","","","","","","","","","","","","","","","","","","","","","","","","","","","","","","","","","","","","","","","","","","","","","","","","","","","","","","","","","",
"Luxembourg","LUX","Women participating in the three decisions (own health care, major household purchases, and visiting family) (% of women age 15-49)","SG.DMK.ALLD.FN.ZS","","","","","","","","","","","","","","","","","","","","","","","","","","","","","","","","","","","","","","","","","","","","","","","","","","","","","","","","","","","",
"Latvia","LVA","Women participating in the three decisions (own health care, major household purchases, and visiting family) (% of women age 15-49)","SG.DMK.ALLD.FN.ZS","","","","","","","","","","","","","","","","","","","","","","","","","","","","","","","","","","","","","","","","","","","","","","","","","","","","","","","","","","","",
"Macao SAR, China","MAC","Women participating in the three decisions (own health care, major household purchases, and visiting family) (% of women age 15-49)","SG.DMK.ALLD.FN.ZS","","","","","","","","","","","","","","","","","","","","","","","","","","","","","","","","","","","","","","","","","","","","","","","","","","","","","","","","","","","",
"St. Martin (French part)","MAF","Women participating in the three decisions (own health care, major household purchases, and visiting family) (% of women age 15-49)","SG.DMK.ALLD.FN.ZS","","","","","","","","","","","","","","","","","","","","","","","","","","","","","","","","","","","","","","","","","","","","","","","","","","","","","","","","","","","",
"Morocco","MAR","Women participating in the three decisions (own health care, major household purchases, and visiting family) (% of women age 15-49)","SG.DMK.ALLD.FN.ZS","","","","","","","","","","","","","","","","","","","","","","","","","","","","","","","","","","","","","","","","","","","","","44","","","","","","","","","","","","","","",
"Monaco","MCO","Women participating in the three decisions (own health care, major household purchases, and visiting family) (% of women age 15-49)","SG.DMK.ALLD.FN.ZS","","","","","","","","","","","","","","","","","","","","","","","","","","","","","","","","","","","","","","","","","","","","","","","","","","","","","","","","","","","",
"Moldova","MDA","Women participating in the three decisions (own health care, major household purchases, and visiting family) (% of women age 15-49)","SG.DMK.ALLD.FN.ZS","","","","","","","","","","","","","","","","","","","","","","","","","","","","","","","","","","","","","","","","","","","","","","92.8","","","","","","","","","","","","","",
"Madagascar","MDG","Women participating in the three decisions (own health care, major household purchases, and visiting family) (% of women age 15-49)","SG.DMK.ALLD.FN.ZS","","","","","","","","","","","","","","","","","","","","","","","","","","","","","","","","","","","","","","","","","","","","","72.3","","","","","73.9","","","","","","","","","",
"Maldives","MDV","Women participating in the three decisions (own health care, major household purchases, and visiting family) (% of women age 15-49)","SG.DMK.ALLD.FN.ZS","","","","","","","","","","","","","","","","","","","","","","","","","","","","","","","","","","","","","","","","","","","","","","","","","","48.6","","","","","","","","","",
"Middle East & North Africa","MEA","Women participating in the three decisions (own health care, major household purchases, and visiting family) (% of women age 15-49)","SG.DMK.ALLD.FN.ZS","","","","","","","","","","","","","","","","","","","","","","","","","","","","","","","","","","","","","","","","","","","","","","","","","","","","","","","","","","","",
"Mexico","MEX","Women participating in the three decisions (own health care, major household purchases, and visiting family) (% of women age 15-49)","SG.DMK.ALLD.FN.ZS","","","","","","","","","","","","","","","","","","","","","","","","","","","","","","","","","","","","","","","","","","","","","","","","","","","","","","","","","","","",
"Marshall Islands","MHL","Women participating in the three decisions (own health care, major household purchases, and visiting family) (% of women age 15-49)","SG.DMK.ALLD.FN.ZS","","","","","","","","","","","","","","","","","","","","","","","","","","","","","","","","","","","","","","","","","","","","","","","","","","","","","","","","","","","",
"Middle income","MIC","Women participating in the three decisions (own health care, major household purchases, and visiting family) (% of women age 15-49)","SG.DMK.ALLD.FN.ZS","","","","","","","","","","","","","","","","","","","","","","","","","","","","","","","","","","","","","","","","","","","","","","","","","","","","","","","","","","","",
"North Macedonia","MKD","Women participating in the three decisions (own health care, major household purchases, and visiting family) (% of women age 15-49)","SG.DMK.ALLD.FN.ZS","","","","","","","","","","","","","","","","","","","","","","","","","","","","","","","","","","","","","","","","","","","","","","","","","","","","","","","","","","","",
"Mali","MLI","Women participating in the three decisions (own health care, major household purchases, and visiting family) (% of women age 15-49)","SG.DMK.ALLD.FN.ZS","","","","","","","","","","","","","","","","","","","","","","","","","","","","","","","","","","","","","","","","","","8.2","","","","","11.3","","","","","","","8.9","","","","","",
"Malta","MLT","Women participating in the three decisions (own health care, major household purchases, and visiting family) (% of women age 15-49)","SG.DMK.ALLD.FN.ZS","","","","","","","","","","","","","","","","","","","","","","","","","","","","","","","","","","","","","","","","","","","","","","","","","","","","","","","","","","","",
"Myanmar","MMR","Women participating in the three decisions (own health care, major household purchases, and visiting family) (% of women age 15-49)","SG.DMK.ALLD.FN.ZS","","","","","","","","","","","","","","","","","","","","","","","","","","","","","","","","","","","","","","","","","","","","","","","","","","","","","","","","","65.3","","",
"Middle East & North Africa (excluding high income)","MNA","Women participating in the three decisions (own health care, major household purchases, and visiting family) (% of women age 15-49)","SG.DMK.ALLD.FN.ZS","","","","","","","","","","","","","","","","","","","","","","","","","","","","","","","","","","","","","","","","","","","","","","","","","","","","","","","","","","","",
"Montenegro","MNE","Women participating in the three decisions (own health care, major household purchases, and visiting family) (% of women age 15-49)","SG.DMK.ALLD.FN.ZS","","","","","","","","","","","","","","","","","","","","","","","","","","","","","","","","","","","","","","","","","","","","","","","","","","","","","","","","","","","",
"Mongolia","MNG","Women participating in the three decisions (own health care, major household purchases, and visiting family) (% of women age 15-49)","SG.DMK.ALLD.FN.ZS","","","","","","","","","","","","","","","","","","","","","","","","","","","","","","","","","","","","","","","","","","","","","","","","","","","","","","","","","","","",
"Northern Mariana Islands","MNP","Women participating in the three decisions (own health care, major household purchases, and visiting family) (% of women age 15-49)","SG.DMK.ALLD.FN.ZS","","","","","","","","","","","","","","","","","","","","","","","","","","","","","","","","","","","","","","","","","","","","","","","","","","","","","","","","","","","",
"Mozambique","MOZ","Women participating in the three decisions (own health care, major household purchases, and visiting family) (% of women age 15-49)","SG.DMK.ALLD.FN.ZS","","","","","","","","","","","","","","","","","","","","","","","","","","","","","","","","","","","","","","","","","","","","29","","","","","","","","49.4","","","","","","","",
"Mauritania","MRT","Women participating in the three decisions (own health care, major household purchases, and visiting family) (% of women age 15-49)","SG.DMK.ALLD.FN.ZS","","","","","","","","","","","","","","","","","","","","","","","","","","","","","","","","","","","","","","","","","","","","","","","","","","","","","","","","","","","",
"Mauritius","MUS","Women participating in the three decisions (own health care, major household purchases, and visiting family) (% of women age 15-49)","SG.DMK.ALLD.FN.ZS","","","","","","","","","","","","","","","","","","","","","","","","","","","","","","","","","","","","","","","","","","","","","","","","","","","","","","","","","","","",
"Malawi","MWI","Women participating in the three decisions (own health care, major household purchases, and visiting family) (% of women age 15-49)","SG.DMK.ALLD.FN.ZS","","","","","","","","","","","","","","","","","","","","","","","","","","","","","","","","","","","","","","","","","11","","","","13.1","","","","","","22.3","","","","","","46.9","","",
"Malaysia","MYS","Women participating in the three decisions (own health care, major household purchases, and visiting family) (% of women age 15-49)","SG.DMK.ALLD.FN.ZS","","","","","","","","","","","","","","","","","","","","","","","","","","","","","","","","","","","","","","","","","","","","","","","","","","","","","","","","","","","",
"North America","NAC","Women participating in the three decisions (own health care, major household purchases, and visiting family) (% of women age 15-49)","SG.DMK.ALLD.FN.ZS","","","","","","","","","","","","","","","","","","","","","","","","","","","","","","","","","","","","","","","","","","","","","","","","","","","","","","","","","","","",
"Namibia","NAM","Women participating in the three decisions (own health care, major household purchases, and visiting family) (% of women age 15-49)","SG.DMK.ALLD.FN.ZS","","","","","","","","","","","","","","","","","","","","","","","","","","","","","","","","","","","","","","","","","","","","","","","","65.5","","","","","","74.6","","","","","",
"New Caledonia","NCL","Women participating in the three decisions (own health care, major household purchases, and visiting family) (% of women age 15-49)","SG.DMK.ALLD.FN.ZS","","","","","","","","","","","","","","","","","","","","","","","","","","","","","","","","","","","","","","","","","","","","","","","","","","","","","","","","","","","",
"Niger","NER","Women participating in the three decisions (own health care, major household purchases, and visiting family) (% of women age 15-49)","SG.DMK.ALLD.FN.ZS","","","","","","","","","","","","","","","","","","","","","","","","","","","","","","","","","","","","","","","","","","","","","","","8.6","","","","","","12.3","","","","","","",
"Nigeria","NGA","Women participating in the three decisions (own health care, major household purchases, and visiting family) (% of women age 15-49)","SG.DMK.ALLD.FN.ZS","","","","","","","","","","","","","","","","","","","","","","","","","","","","","","","","","","","","","","","","","","","","13.9","","","","","32.1","","","","","31.3","","","","","",
"Nicaragua","NIC","Women participating in the three decisions (own health care, major household purchases, and visiting family) (% of women age 15-49)","SG.DMK.ALLD.FN.ZS","","","","","","","","","","","","","","","","","","","","","","","","","","","","","","","","","","","","","","","","","","58.9","","","","","","","","","","","","","","","","","",
"Netherlands","NLD","Women participating in the three decisions (own health care, major household purchases, and visiting family) (% of women age 15-49)","SG.DMK.ALLD.FN.ZS","","","","","","","","","","","","","","","","","","","","","","","","","","","","","","","","","","","","","","","","","","","","","","","","","","","","","","","","","","","",
"Norway","NOR","Women participating in the three decisions (own health care, major household purchases, and visiting family) (% of women age 15-49)","SG.DMK.ALLD.FN.ZS","","","","","","","","","","","","","","","","","","","","","","","","","","","","","","","","","","","","","","","","","","","","","","","","","","","","","","","","","","","",
"Nepal","NPL","Women participating in the three decisions (own health care, major household purchases, and visiting family) (% of women age 15-49)","SG.DMK.ALLD.FN.ZS","","","","","","","","","","","","","","","","","","","","","","","","","","","","","","","","","","","","","","","","","","17.4","","","","","38.1","","","","","45.5","","","","","","","",
"Nauru","NRU","Women participating in the three decisions (own health care, major household purchases, and visiting family) (% of women age 15-49)","SG.DMK.ALLD.FN.ZS","","","","","","","","","","","","","","","","","","","","","","","","","","","","","","","","","","","","","","","","","","","","","","","","","","","","","","","","","","","",
"New Zealand","NZL","Women participating in the three decisions (own health care, major household purchases, and visiting family) (% of women age 15-49)","SG.DMK.ALLD.FN.ZS","","","","","","","","","","","","","","","","","","","","","","","","","","","","","","","","","","","","","","","","","","","","","","","","","","","","","","","","","","","",
"OECD members","OED","Women participating in the three decisions (own health care, major household purchases, and visiting family) (% of women age 15-49)","SG.DMK.ALLD.FN.ZS","","","","","","","","","","","","","","","","","","","","","","","","","","","","","","","","","","","","","","","","","","","","","","","","","","","","","","","","","","","",
"Oman","OMN","Women participating in the three decisions (own health care, major household purchases, and visiting family) (% of women age 15-49)","SG.DMK.ALLD.FN.ZS","","","","","","","","","","","","","","","","","","","","","","","","","","","","","","","","","","","","","","","","","","","","","","","","","","","","","","","","","","","",
"Other small states","OSS","Women participating in the three decisions (own health care, major household purchases, and visiting family) (% of women age 15-49)","SG.DMK.ALLD.FN.ZS","","","","","","","","","","","","","","","","","","","","","","","","","","","","","","","","","","","","","","","","","","","","","","","","","","","","","","","","","","","",
"Pakistan","PAK","Women participating in the three decisions (own health care, major household purchases, and visiting family) (% of women age 15-49)","SG.DMK.ALLD.FN.ZS","","","","","","","","","","","","","","","","","","","","","","","","","","","","","","","","","","","","","","","","","","","","","","","","","","","","","","38.2","","","","","",
"Panama","PAN","Women participating in the three decisions (own health care, major household purchases, and visiting family) (% of women age 15-49)","SG.DMK.ALLD.FN.ZS","","","","","","","","","","","","","","","","","","","","","","","","","","","","","","","","","","","","","","","","","","","","","","","","","","","","","","","","","","","",
"Peru","PER","Women participating in the three decisions (own health care, major household purchases, and visiting family) (% of women age 15-49)","SG.DMK.ALLD.FN.ZS","","","","","","","","","","","","","","","","","","","","","","","","","","","","","","","","","","","","","","","","","63.3","","","","","","54","","59.6","66.3","62.8","63","64.7","","","","","","",
"Philippines","PHL","Women participating in the three decisions (own health care, major household purchases, and visiting family) (% of women age 15-49)","SG.DMK.ALLD.FN.ZS","","","","","","","","","","","","","","","","","","","","","","","","","","","","","","","","","","","","","","","","","","","","70.5","","","","","79.2","","","","","80.2","","","","","",
"Palau","PLW","Women participating in the three decisions (own health care, major household purchases, and visiting family) (% of women age 15-49)","SG.DMK.ALLD.FN.ZS","","","","","","","","","","","","","","","","","","","","","","","","","","","","","","","","","","","","","","","","","","","","","","","","","","","","","","","","","","","",
"Papua New Guinea","PNG","Women participating in the three decisions (own health care, major household purchases, and visiting family) (% of women age 15-49)","SG.DMK.ALLD.FN.ZS","","","","","","","","","","","","","","","","","","","","","","","","","","","","","","","","","","","","","","","","","","","","","","","","","","","","","","","","","","","",
"Poland","POL","Women participating in the three decisions (own health care, major household purchases, and visiting family) (% of women age 15-49)","SG.DMK.ALLD.FN.ZS","","","","","","","","","","","","","","","","","","","","","","","","","","","","","","","","","","","","","","","","","","","","","","","","","","","","","","","","","","","",
"Pre-demographic dividend","PRE","Women participating in the three decisions (own health care, major household purchases, and visiting family) (% of women age 15-49)","SG.DMK.ALLD.FN.ZS","","","","","","","","","","","","","","","","","","","","","","","","","","","","","","","","","","","","","","","","","","","","","","","","","","","","","","","","","","","",
"Puerto Rico","PRI","Women participating in the three decisions (own health care, major household purchases, and visiting family) (% of women age 15-49)","SG.DMK.ALLD.FN.ZS","","","","","","","","","","","","","","","","","","","","","","","","","","","","","","","","","","","","","","","","","","","","","","","","","","","","","","","","","","","",
"Korea, Dem. People’s Rep.","PRK","Women participating in the three decisions (own health care, major household purchases, and visiting family) (% of women age 15-49)","SG.DMK.ALLD.FN.ZS","","","","","","","","","","","","","","","","","","","","","","","","","","","","","","","","","","","","","","","","","","","","","","","","","","","","","","","","","","","",
"Portugal","PRT","Women participating in the three decisions (own health care, major household purchases, and visiting family) (% of women age 15-49)","SG.DMK.ALLD.FN.ZS","","","","","","","","","","","","","","","","","","","","","","","","","","","","","","","","","","","","","","","","","","","","","","","","","","","","","","","","","","","",
"Paraguay","PRY","Women participating in the three decisions (own health care, major household purchases, and visiting family) (% of women age 15-49)","SG.DMK.ALLD.FN.ZS","","","","","","","","","","","","","","","","","","","","","","","","","","","","","","","","","","","","","","","","","","","","","","","","","","","","","","","","","","","",
"West Bank and Gaza","PSE","Women participating in the three decisions (own health care, major household purchases, and visiting family) (% of women age 15-49)","SG.DMK.ALLD.FN.ZS","","","","","","","","","","","","","","","","","","","","","","","","","","","","","","","","","","","","","","","","","","","","","","","","","","","","","","","","","","","",
"Pacific island small states","PSS","Women participating in the three decisions (own health care, major household purchases, and visiting family) (% of women age 15-49)","SG.DMK.ALLD.FN.ZS","","","","","","","","","","","","","","","","","","","","","","","","","","","","","","","","","","","","","","","","","","","","","","","","","","","","","","","","","","","",
"Post-demographic dividend","PST","Women participating in the three decisions (own health care, major household purchases, and visiting family) (% of women age 15-49)","SG.DMK.ALLD.FN.ZS","","","","","","","","","","","","","","","","","","","","","","","","","","","","","","","","","","","","","","","","","","","","","","","","","","","","","","","","","","","",
"French Polynesia","PYF","Women participating in the three decisions (own health care, major household purchases, and visiting family) (% of women age 15-49)","SG.DMK.ALLD.FN.ZS","","","","","","","","","","","","","","","","","","","","","","","","","","","","","","","","","","","","","","","","","","","","","","","","","","","","","","","","","","","",
"Qatar","QAT","Women participating in the three decisions (own health care, major household purchases, and visiting family) (% of women age 15-49)","SG.DMK.ALLD.FN.ZS","","","","","","","","","","","","","","","","","","","","","","","","","","","","","","","","","","","","","","","","","","","","","","","","","","","","","","","","","","","",
"Romania","ROU","Women participating in the three decisions (own health care, major household purchases, and visiting family) (% of women age 15-49)","SG.DMK.ALLD.FN.ZS","","","","","","","","","","","","","","","","","","","","","","","","","","","","","","","","","","","","","","","","","","","","","","","","","","","","","","","","","","","",
"Russian Federation","RUS","Women participating in the three decisions (own health care, major household purchases, and visiting family) (% of women age 15-49)","SG.DMK.ALLD.FN.ZS","","","","","","","","","","","","","","","","","","","","","","","","","","","","","","","","","","","","","","","","","","","","","","","","","","","","","","","","","","","",
"Rwanda","RWA","Women participating in the three decisions (own health care, major household purchases, and visiting family) (% of women age 15-49)","SG.DMK.ALLD.FN.ZS","","","","","","","","","","","","","","","","","","","","","","","","","","","","","","","","","","","","","","","","","39.3","","","","","47.1","","","","","58.7","","","","","65.4","","","",
"South Asia","SAS","Women participating in the three decisions (own health care, major household purchases, and visiting family) (% of women age 15-49)","SG.DMK.ALLD.FN.ZS","","","","","","","","","","","","","","","","","","","","","","","","","","","","","","","","","","","","","","","","","","","","","","","","","","","","","","","","","","","",
"Saudi Arabia","SAU","Women participating in the three decisions (own health care, major household purchases, and visiting family) (% of women age 15-49)","SG.DMK.ALLD.FN.ZS","","","","","","","","","","","","","","","","","","","","","","","","","","","","","","","","","","","","","","","","","","","","","","","","","","","","","","","","","","","",
"Sudan","SDN","Women participating in the three decisions (own health care, major household purchases, and visiting family) (% of women age 15-49)","SG.DMK.ALLD.FN.ZS","","","","","","","","","","","","","","","","","","","","","","","","","","","","","","","","","","","","","","","","","","","","","","","","","","","","","","","","","","","",
"Senegal","SEN","Women participating in the three decisions (own health care, major household purchases, and visiting family) (% of women age 15-49)","SG.DMK.ALLD.FN.ZS","","","","","","","","","","","","","","","","","","","","","","","","","","","","","","","","","","","","","","","","","","","","","","9.5","","","","","","17.7","","9.5","9.7","","","","",
"Singapore","SGP","Women participating in the three decisions (own health care, major household purchases, and visiting family) (% of women age 15-49)","SG.DMK.ALLD.FN.ZS","","","","","","","","","","","","","","","","","","","","","","","","","","","","","","","","","","","","","","","","","","","","","","","","","","","","","","","","","","","",
"Solomon Islands","SLB","Women participating in the three decisions (own health care, major household purchases, and visiting family) (% of women age 15-49)","SG.DMK.ALLD.FN.ZS","","","","","","","","","","","","","","","","","","","","","","","","","","","","","","","","","","","","","","","","","","","","","","","","","","","","","","","","","","","",
"Sierra Leone","SLE","Women participating in the three decisions (own health care, major household purchases, and visiting family) (% of women age 15-49)","SG.DMK.ALLD.FN.ZS","","","","","","","","","","","","","","","","","","","","","","","","","","","","","","","","","","","","","","","","","","","","","","","","","40.9","","","","","45.4","","","","","",
"El Salvador","SLV","Women participating in the three decisions (own health care, major household purchases, and visiting family) (% of women age 15-49)","SG.DMK.ALLD.FN.ZS","","","","","","","","","","","","","","","","","","","","","","","","","","","","","","","","","","","","","","","","","","","","","","","","","","","","","","","","","","","",
"San Marino","SMR","Women participating in the three decisions (own health care, major household purchases, and visiting family) (% of women age 15-49)","SG.DMK.ALLD.FN.ZS","","","","","","","","","","","","","","","","","","","","","","","","","","","","","","","","","","","","","","","","","","","","","","","","","","","","","","","","","","","",
"Somalia","SOM","Women participating in the three decisions (own health care, major household purchases, and visiting family) (% of women age 15-49)","SG.DMK.ALLD.FN.ZS","","","","","","","","","","","","","","","","","","","","","","","","","","","","","","","","","","","","","","","","","","","","","","","","","","","","","","","","","","","",
"Serbia","SRB","Women participating in the three decisions (own health care, major household purchases, and visiting family) (% of women age 15-49)","SG.DMK.ALLD.FN.ZS","","","","","","","","","","","","","","","","","","","","","","","","","","","","","","","","","","","","","","","","","","","","","","","","","","","","","","","","","","","",
"Sub-Saharan Africa (excluding high income)","SSA","Women participating in the three decisions (own health care, major household purchases, and visiting family) (% of women age 15-49)","SG.DMK.ALLD.FN.ZS","","","","","","","","","","","","","","","","","","","","","","","","","","","","","","","","","","","","","","","","","","","","","","","","","","","","","","","","","","","",
"South Sudan","SSD","Women participating in the three decisions (own health care, major household purchases, and visiting family) (% of women age 15-49)","SG.DMK.ALLD.FN.ZS","","","","","","","","","","","","","","","","","","","","","","","","","","","","","","","","","","","","","","","","","","","","","","","","","","","","","","","","","","","",
"Sub-Saharan Africa","SSF","Women participating in the three decisions (own health care, major household purchases, and visiting family) (% of women age 15-49)","SG.DMK.ALLD.FN.ZS","","","","","","","","","","","","","","","","","","","","","","","","","","","","","","","","","","","","","","","","","","","","","","","","","","","","","","","","","","","",
"Small states","SST","Women participating in the three decisions (own health care, major household purchases, and visiting family) (% of women age 15-49)","SG.DMK.ALLD.FN.ZS","","","","","","","","","","","","","","","","","","","","","","","","","","","","","","","","","","","","","","","","","","","","","","","","","","","","","","","","","","","",
"Sao Tome and Principe","STP","Women participating in the three decisions (own health care, major household purchases, and visiting family) (% of women age 15-49)","SG.DMK.ALLD.FN.ZS","","","","","","","","","","","","","","","","","","","","","","","","","","","","","","","","","","","","","","","","","","","","","","","","","","46.9","","","","","","","","","",
"Suriname","SUR","Women participating in the three decisions (own health care, major household purchases, and visiting family) (% of women age 15-49)","SG.DMK.ALLD.FN.ZS","","","","","","","","","","","","","","","","","","","","","","","","","","","","","","","","","","","","","","","","","","","","","","","","","","","","","","","","","","","",
"Slovak Republic","SVK","Women participating in the three decisions (own health care, major household purchases, and visiting family) (% of women age 15-49)","SG.DMK.ALLD.FN.ZS","","","","","","","","","","","","","","","","","","","","","","","","","","","","","","","","","","","","","","","","","","","","","","","","","","","","","","","","","","","",
"Slovenia","SVN","Women participating in the three decisions (own health care, major household purchases, and visiting family) (% of women age 15-49)","SG.DMK.ALLD.FN.ZS","","","","","","","","","","","","","","","","","","","","","","","","","","","","","","","","","","","","","","","","","","","","","","","","","","","","","","","","","","","",
"Sweden","SWE","Women participating in the three decisions (own health care, major household purchases, and visiting family) (% of women age 15-49)","SG.DMK.ALLD.FN.ZS","","","","","","","","","","","","","","","","","","","","","","","","","","","","","","","","","","","","","","","","","","","","","","","","","","","","","","","","","","","",
"Eswatini","SWZ","Women participating in the three decisions (own health care, major household purchases, and visiting family) (% of women age 15-49)","SG.DMK.ALLD.FN.ZS","","","","","","","","","","","","","","","","","","","","","","","","","","","","","","","","","","","","","","","","","","","","","","","","36.7","","","","","","","","","","","",
"Sint Maarten (Dutch part)","SXM","Women participating in the three decisions (own health care, major household purchases, and visiting family) (% of women age 15-49)","SG.DMK.ALLD.FN.ZS","","","","","","","","","","","","","","","","","","","","","","","","","","","","","","","","","","","","","","","","","","","","","","","","","","","","","","","","","","","",
"Seychelles","SYC","Women participating in the three decisions (own health care, major household purchases, and visiting family) (% of women age 15-49)","SG.DMK.ALLD.FN.ZS","","","","","","","","","","","","","","","","","","","","","","","","","","","","","","","","","","","","","","","","","","","","","","","","","","","","","","","","","","","",
"Syrian Arab Republic","SYR","Women participating in the three decisions (own health care, major household purchases, and visiting family) (% of women age 15-49)","SG.DMK.ALLD.FN.ZS","","","","","","","","","","","","","","","","","","","","","","","","","","","","","","","","","","","","","","","","","","","","","","","","","","","","","","","","","","","",
"Turks and Caicos Islands","TCA","Women participating in the three decisions (own health care, major household purchases, and visiting family) (% of women age 15-49)","SG.DMK.ALLD.FN.ZS","","","","","","","","","","","","","","","","","","","","","","","","","","","","","","","","","","","","","","","","","","","","","","","","","","","","","","","","","","","",
"Chad","TCD","Women participating in the three decisions (own health care, major household purchases, and visiting family) (% of women age 15-49)","SG.DMK.ALLD.FN.ZS","","","","","","","","","","","","","","","","","","","","","","","","","","","","","","","","","","","","","","","","","","","","","","","","","","","","","","","","17.4","","","",
"East Asia & Pacific (IDA & IBRD countries)","TEA","Women participating in the three decisions (own health care, major household purchases, and visiting family) (% of women age 15-49)","SG.DMK.ALLD.FN.ZS","","","","","","","","","","","","","","","","","","","","","","","","","","","","","","","","","","","","","","","","","","","","","","","","","","","","","","","","","","","",
"Europe & Central Asia (IDA & IBRD countries)","TEC","Women participating in the three decisions (own health care, major household purchases, and visiting family) (% of women age 15-49)","SG.DMK.ALLD.FN.ZS","","","","","","","","","","","","","","","","","","","","","","","","","","","","","","","","","","","","","","","","","","","","","","","","","","","","","","","","","","","",
"Togo","TGO","Women participating in the three decisions (own health care, major household purchases, and visiting family) (% of women age 15-49)","SG.DMK.ALLD.FN.ZS","","","","","","","","","","","","","","","","","","","","","","","","","","","","","","","","","","","","","","","","","","","","","","","","","","","","","","","29.4","","","","",
"Thailand","THA","Women participating in the three decisions (own health care, major household purchases, and visiting family) (% of women age 15-49)","SG.DMK.ALLD.FN.ZS","","","","","","","","","","","","","","","","","","","","","","","","","","","","","","","","","","","","","","","","","","","","","","","","","","","","","","","","","","","",
"Tajikistan","TJK","Women participating in the three decisions (own health care, major household purchases, and visiting family) (% of women age 15-49)","SG.DMK.ALLD.FN.ZS","","","","","","","","","","","","","","","","","","","","","","","","","","","","","","","","","","","","","","","","","","","","","","","","","","","","","43.1","","","","","","",
"Turkmenistan","TKM","Women participating in the three decisions (own health care, major household purchases, and visiting family) (% of women age 15-49)","SG.DMK.ALLD.FN.ZS","","","","","","","","","","","","","","","","","","","","","","","","","","","","","","","","","","","","","","","","","61.5","","","","","","","","","","","","","","","","","","",
"Latin America & the Caribbean (IDA & IBRD countries)","TLA","Women participating in the three decisions (own health care, major household purchases, and visiting family) (% of women age 15-49)","SG.DMK.ALLD.FN.ZS","","","","","","","","","","","","","","","","","","","","","","","","","","","","","","","","","","","","","","","","","","","","","","","","","","","","","","","","","","","",
"Timor-Leste","TLS","Women participating in the three decisions (own health care, major household purchases, and visiting family) (% of women age 15-49)","SG.DMK.ALLD.FN.ZS","","","","","","","","","","","","","","","","","","","","","","","","","","","","","","","","","","","","","","","","","","","","","","","","","","","74.9","","","","","","","","",
"Middle East & North Africa (IDA & IBRD countries)","TMN","Women participating in the three decisions (own health care, major household purchases, and visiting family) (% of women age 15-49)","SG.DMK.ALLD.FN.ZS","","","","","","","","","","","","","","","","","","","","","","","","","","","","","","","","","","","","","","","","","","","","","","","","","","","","","","","","","","","",
"Tonga","TON","Women participating in the three decisions (own health care, major household purchases, and visiting family) (% of women age 15-49)","SG.DMK.ALLD.FN.ZS","","","","","","","","","","","","","","","","","","","","","","","","","","","","","","","","","","","","","","","","","","","","","","","","","","","","","","","","","","","",
"South Asia (IDA & IBRD)","TSA","Women participating in the three decisions (own health care, major household purchases, and visiting family) (% of women age 15-49)","SG.DMK.ALLD.FN.ZS","","","","","","","","","","","","","","","","","","","","","","","","","","","","","","","","","","","","","","","","","","","","","","","","","","","","","","","","","","","",
"Sub-Saharan Africa (IDA & IBRD countries)","TSS","Women participating in the three decisions (own health care, major household purchases, and visiting family) (% of women age 15-49)","SG.DMK.ALLD.FN.ZS","","","","","","","","","","","","","","","","","","","","","","","","","","","","","","","","","","","","","","","","","","","","","","","","","","","","","","","","","","","",
"Trinidad and Tobago","TTO","Women participating in the three decisions (own health care, major household purchases, and visiting family) (% of women age 15-49)","SG.DMK.ALLD.FN.ZS","","","","","","","","","","","","","","","","","","","","","","","","","","","","","","","","","","","","","","","","","","","","","","","","","","","","","","","","","","","",
"Tunisia","TUN","Women participating in the three decisions (own health care, major household purchases, and visiting family) (% of women age 15-49)","SG.DMK.ALLD.FN.ZS","","","","","","","","","","","","","","","","","","","","","","","","","","","","","","","","","","","","","","","","","","","","","","","","","","","","","","","","","","","",
"Turkey","TUR","Women participating in the three decisions (own health care, major household purchases, and visiting family) (% of women age 15-49)","SG.DMK.ALLD.FN.ZS","","","","","","","","","","","","","","","","","","","","","","","","","","","","","","","","","","","","","","","","","","","","","","","","","","","","","","","","","","","",
"Tuvalu","TUV","Women participating in the three decisions (own health care, major household purchases, and visiting family) (% of women age 15-49)","SG.DMK.ALLD.FN.ZS","","","","","","","","","","","","","","","","","","","","","","","","","","","","","","","","","","","","","","","","","","","","","","","","","","","","","","","","","","","",
"Tanzania","TZA","Women participating in the three decisions (own health care, major household purchases, and visiting family) (% of women age 15-49)","SG.DMK.ALLD.FN.ZS","","","","","","","","","","","","","","","","","","","","","","","","","","","","","","","","","","","","","","","","","","","","","","25.4","","","","","30.3","","","","","","35.2","","",
"Uganda","UGA","Women participating in the three decisions (own health care, major household purchases, and visiting family) (% of women age 15-49)","SG.DMK.ALLD.FN.ZS","","","","","","","","","","","","","","","","","","","","","","","","","","","","","","","","","","","","","","","","","","28.5","","","","","38.8","","","","","37.5","","","","","","","",
"Ukraine","UKR","Women participating in the three decisions (own health care, major household purchases, and visiting family) (% of women age 15-49)","SG.DMK.ALLD.FN.ZS","","","","","","","","","","","","","","","","","","","","","","","","","","","","","","","","","","","","","","","","","","","","","","","","90.1","","","","","","","","","","","",
"Upper middle income","UMC","Women participating in the three decisions (own health care, major household purchases, and visiting family) (% of women age 15-49)","SG.DMK.ALLD.FN.ZS","","","","","","","","","","","","","","","","","","","","","","","","","","","","","","","","","","","","","","","","","","","","","","","","","","","","","","","","","","","",
"Uruguay","URY","Women participating in the three decisions (own health care, major household purchases, and visiting family) (% of women age 15-49)","SG.DMK.ALLD.FN.ZS","","","","","","","","","","","","","","","","","","","","","","","","","","","","","","","","","","","","","","","","","","","","","","","","","","","","","","","","","","","",
"United States","USA","Women participating in the three decisions (own health care, major household purchases, and visiting family) (% of women age 15-49)","SG.DMK.ALLD.FN.ZS","","","","","","","","","","","","","","","","","","","","","","","","","","","","","","","","","","","","","","","","","","","","","","","","","","","","","","","","","","","",
"Uzbekistan","UZB","Women participating in the three decisions (own health care, major household purchases, and visiting family) (% of women age 15-49)","SG.DMK.ALLD.FN.ZS","","","","","","","","","","","","","","","","","","","","","","","","","","","","","","","","","","","","","","","","","","","","","","","","","","","","","","","","","","","",
"St. Vincent and the Grenadines","VCT","Women participating in the three decisions (own health care, major household purchases, and visiting family) (% of women age 15-49)","SG.DMK.ALLD.FN.ZS","","","","","","","","","","","","","","","","","","","","","","","","","","","","","","","","","","","","","","","","","","","","","","","","","","","","","","","","","","","",
"Venezuela, RB","VEN","Women participating in the three decisions (own health care, major household purchases, and visiting family) (% of women age 15-49)","SG.DMK.ALLD.FN.ZS","","","","","","","","","","","","","","","","","","","","","","","","","","","","","","","","","","","","","","","","","","","","","","","","","","","","","","","","","","","",
"British Virgin Islands","VGB","Women participating in the three decisions (own health care, major household purchases, and visiting family) (% of women age 15-49)","SG.DMK.ALLD.FN.ZS","","","","","","","","","","","","","","","","","","","","","","","","","","","","","","","","","","","","","","","","","","","","","","","","","","","","","","","","","","","",
"Virgin Islands (U.S.)","VIR","Women participating in the three decisions (own health care, major household purchases, and visiting family) (% of women age 15-49)","SG.DMK.ALLD.FN.ZS","","","","","","","","","","","","","","","","","","","","","","","","","","","","","","","","","","","","","","","","","","","","","","","","","","","","","","","","","","","",
"Vietnam","VNM","Women participating in the three decisions (own health care, major household purchases, and visiting family) (% of women age 15-49)","SG.DMK.ALLD.FN.ZS","","","","","","","","","","","","","","","","","","","","","","","","","","","","","","","","","","","","","","","","","","","","","","","","","","","","","","","","","","","",
"Vanuatu","VUT","Women participating in the three decisions (own health care, major household purchases, and visiting family) (% of women age 15-49)","SG.DMK.ALLD.FN.ZS","","","","","","","","","","","","","","","","","","","","","","","","","","","","","","","","","","","","","","","","","","","","","","","","","","","","","","","","","","","",
"World","WLD","Women participating in the three decisions (own health care, major household purchases, and visiting family) (% of women age 15-49)","SG.DMK.ALLD.FN.ZS","","","","","","","","","","","","","","","","","","","","","","","","","","","","","","","","","","","","","","","","","","","","","","","","","","","","","","","","","","","",
"Samoa","WSM","Women participating in the three decisions (own health care, major household purchases, and visiting family) (% of women age 15-49)","SG.DMK.ALLD.FN.ZS","","","","","","","","","","","","","","","","","","","","","","","","","","","","","","","","","","","","","","","","","","","","","","","","","","","","","","","","","","","",
"Kosovo","XKX","Women participating in the three decisions (own health care, major household purchases, and visiting family) (% of women age 15-49)","SG.DMK.ALLD.FN.ZS","","","","","","","","","","","","","","","","","","","","","","","","","","","","","","","","","","","","","","","","","","","","","","","","","","","","","","","","","","","",
"Yemen, Rep.","YEM","Women participating in the three decisions (own health care, major household purchases, and visiting family) (% of women age 15-49)","SG.DMK.ALLD.FN.ZS","","","","","","","","","","","","","","","","","","","","","","","","","","","","","","","","","","","","","","","","","","","","","","","","","","","","","","","","","","","",
"South Africa","ZAF","Women participating in the three decisions (own health care, major household purchases, and visiting family) (% of women age 15-49)","SG.DMK.ALLD.FN.ZS","","","","","","","","","","","","","","","","","","","","","","","","","","","","","","","","","","","","","","","","","","","","","","","","","","","","","","","","","","","",
"Zambia","ZMB","Women participating in the three decisions (own health care, major household purchases, and visiting family) (% of women age 15-49)","SG.DMK.ALLD.FN.ZS","","","","","","","","","","","","","","","","","","","","","","","","","","","","","","","","","","","","","","","","","","","18","","","","","38.7","","","","","","","53.8","","","","",
"Zimbabwe","ZWE","Women participating in the three decisions (own health care, major household purchases, and visiting family) (% of women age 15-49)","SG.DMK.ALLD.FN.ZS","","","","","","","","","","","","","","","","","","","","","","","","","","","","","","","","","","","","","","","","40.5","","","","","","","74.9","","","","","74.5","","","","72.1","","","",
